url,label,length,dots,slashes,digits,special_chars,has_ip,suspicious_word
http://paypal-login-security.example.com/verify/account,1,55,2,4,0,9,0,1
http://secure-update-account.example.net/login.php,1,50,3,3,0,9,0,1
http://192.168.0.55/verify/login,1,32,3,4,9,8,1,1
http://bank-alert.example.com/user/verify?id=82937,1,50,2,4,5,10,0,1
http://login-confirm.example.net/session/update.php,1,51,3,4,0,9,0,1
http://account-security.example.org/urgent/verify,1,49,2,4,0,8,0,1
http://update-wallet.example.com/confirm/index.php,1,50,3,4,0,9,0,1
http://xn--ppal-4ve.example.com/login,1,37,2,3,1,9,0,1
http://signin-alert.example.org/password/reset.php,1,50,3,4,0,9,0,1
http://security-check.example.com/verify?user=admin&token=829172,1,64,2,3,6,11,0,1
http://payment-failed.example.org/update/card,1,45,2,4,0,8,0,1
http://apple-id-verify.example.net/login/account,1,48,2,4,0,9,0,1
http://secure-banking.example.com/update/customer,1,49,2,4,0,8,0,1
http://login.example.com@evil.example.net/account,1,49,4,3,0,9,0,1
http://verify.example.org//../../login,1,38,6,6,0,13,0,1
http://dangerous.example.net:8080/admin/login,1,45,2,4,4,8,0,1
http://credential-check.example.org/validate?session=981273,1,59,2,3,6,9,0,0
http://urgent-alert.example.net/verify/account/password,1,55,2,5,0,9,0,1
http://security-update.example.com/download/update.zip,1,54,3,4,0,9,0,1
http://gift-card.example.org/redeem?code=829173827,1,50,2,3,9,9,0,0
http://banking-secure.example.net/login/confirm,1,47,2,4,0,8,0,1
http://signin.example.com.evil.example.org/login,1,48,5,3,0,9,0,1
http://verify-account.example.com/auth?redirect=http://evil.example.net,1,71,4,5,0,14,0,1
http://account-recovery.example.org/reset?token=123456789,1,57,2,3,9,9,0,0
http://payment-verify.example.org/login.php?id=938273,1,53,3,3,6,10,0,1
http://admin-panel.example.net/wp-login.php,1,43,3,3,0,9,0,1
http://secure-login.example.com/verify?password=123456,1,54,2,3,6,9,0,1
http://microsoft-login.example.net/office/verify,1,48,2,4,0,8,0,1
http://google-security.example.com/account/recovery/login,1,57,2,5,0,9,0,1
