timestamp,traffic
2026-01-01 00:00:00,642.89
2026-01-01 01:00:00,599.8
2026-01-01 02:00:00,732.03
2026-01-01 03:00:00,771.85
2026-01-01 04:00:00,634.04
2026-01-01 05:00:00,683.38
2026-01-01 06:00:00,772.44
2026-01-01 07:00:00,761.61
2026-01-01 08:00:00,801.04
2026-01-01 09:00:00,791.08
2026-01-01 10:00:00,935.02
2026-01-01 11:00:00,985.66
2026-01-01 12:00:00,1001.5
2026-01-01 13:00:00,1103.0
2026-01-01 14:00:00,1088.2
2026-01-01 15:00:00,1008.62
2026-01-01 16:00:00,1040.18
2026-01-01 17:00:00,906.26
2026-01-01 18:00:00,930.9
2026-01-01 19:00:00,800.25
2026-01-01 20:00:00,722.62
2026-01-01 21:00:00,644.55
2026-01-01 22:00:00,723.34
2026-01-01 23:00:00,646.62
2026-01-02 00:00:00,650.58
2026-01-02 01:00:00,685.63
2026-01-02 02:00:00,768.03
2026-01-02 03:00:00,788.21
2026-01-02 04:00:00,812.04
2026-01-02 05:00:00,826.7
2026-01-02 06:00:00,931.2
2026-01-02 07:00:00,804.65
2026-01-02 08:00:00,821.79
2026-01-02 09:00:00,841.24
2026-01-02 10:00:00,968.54
2026-01-02 11:00:00,1052.98
2026-01-02 12:00:00,1039.6
2026-01-02 13:00:00,1042.79
2026-01-02 14:00:00,1065.14
2026-01-02 15:00:00,1139.67
2026-01-02 16:00:00,1108.78
2026-01-02 17:00:00,1036.87
2026-01-02 18:00:00,893.98
2026-01-02 19:00:00,863.77
2026-01-02 20:00:00,787.21
2026-01-02 21:00:00,742.03
2026-01-02 22:00:00,752.03
2026-01-02 23:00:00,715.41
2026-01-03 00:00:00,759.47
2026-01-03 01:00:00,756.72
2026-01-03 02:00:00,802.66
2026-01-03 03:00:00,850.84
2026-01-03 04:00:00,757.2
2026-01-03 05:00:00,833.42
2026-01-03 06:00:00,835.54
2026-01-03 07:00:00,839.86
2026-01-03 08:00:00,882.83
2026-01-03 09:00:00,1016.22
2026-01-03 10:00:00,935.04
2026-01-03 11:00:00,1092.14
2026-01-03 12:00:00,1001.31
2026-01-03 13:00:00,1118.58
2026-01-03 14:00:00,1167.44
2026-01-03 15:00:00,1184.13
2026-01-03 16:00:00,1155.02
2026-01-03 17:00:00,1098.63
2026-01-03 18:00:00,959.41
2026-01-03 19:00:00,873.57
2026-01-03 20:00:00,875.98
2026-01-03 21:00:00,767.48
2026-01-03 22:00:00,681.94
2026-01-03 23:00:00,688.78
2026-01-04 00:00:00,719.56
2026-01-04 01:00:00,828.34
2026-01-04 02:00:00,842.59
2026-01-04 03:00:00,902.09
2026-01-04 04:00:00,861.84
2026-01-04 05:00:00,907.72
2026-01-04 06:00:00,943.82
2026-01-04 07:00:00,905.99
2026-01-04 08:00:00,971.09
2026-01-04 09:00:00,945.59
2026-01-04 10:00:00,1010.69
2026-01-04 11:00:00,1065.89
2026-01-04 12:00:00,1076.1
2026-01-04 13:00:00,1211.78
2026-01-04 14:00:00,1180.67
2026-01-04 15:00:00,1200.57
2026-01-04 16:00:00,1190.34
2026-01-04 17:00:00,1127.56
2026-01-04 18:00:00,1063.18
2026-01-04 19:00:00,941.58
2026-01-04 20:00:00,853.51
2026-01-04 21:00:00,821.62
2026-01-04 22:00:00,707.3
2026-01-04 23:00:00,719.52
2026-01-05 00:00:00,745.38
2026-01-05 01:00:00,794.15
2026-01-05 02:00:00,904.74
2026-01-05 03:00:00,862.31
2026-01-05 04:00:00,912.54
2026-01-05 05:00:00,1018.46
2026-01-05 06:00:00,937.82
2026-01-05 07:00:00,1011.56
2026-01-05 08:00:00,942.62
2026-01-05 09:00:00,1018.7
2026-01-05 10:00:00,1026.41
2026-01-05 11:00:00,1116.24
2026-01-05 12:00:00,1236.08
2026-01-05 13:00:00,1138.0
2026-01-05 14:00:00,1278.38
2026-01-05 15:00:00,1260.96
2026-01-05 16:00:00,1179.22
2026-01-05 17:00:00,1071.47
2026-01-05 18:00:00,1078.55
2026-01-05 19:00:00,965.88
2026-01-05 20:00:00,937.59
2026-01-05 21:00:00,875.2
2026-01-05 22:00:00,936.2
2026-01-05 23:00:00,833.95
2026-01-06 00:00:00,809.84
2026-01-06 01:00:00,906.86
2026-01-06 02:00:00,942.85
2026-01-06 03:00:00,1034.87
2026-01-06 04:00:00,1027.27
2026-01-06 05:00:00,1014.63
2026-01-06 06:00:00,1085.89
2026-01-06 07:00:00,953.62
2026-01-06 08:00:00,1006.78
2026-01-06 09:00:00,1027.04
2026-01-06 10:00:00,1105.22
2026-01-06 11:00:00,1107.17
2026-01-06 12:00:00,1272.8
2026-01-06 13:00:00,1268.78
2026-01-06 14:00:00,1221.59
2026-01-06 15:00:00,1240.03
2026-01-06 16:00:00,1277.14
2026-01-06 17:00:00,1245.1
2026-01-06 18:00:00,1232.41
2026-01-06 19:00:00,1203.26
2026-01-06 20:00:00,995.58
2026-01-06 21:00:00,867.58
2026-01-06 22:00:00,778.84
2026-01-06 23:00:00,909.84
2026-01-07 00:00:00,869.42
2026-01-07 01:00:00,922.16
2026-01-07 02:00:00,945.09
2026-01-07 03:00:00,1000.37
2026-01-07 04:00:00,1087.97
2026-01-07 05:00:00,1051.64
2026-01-07 06:00:00,1044.69
2026-01-07 07:00:00,1010.04
2026-01-07 08:00:00,997.86
2026-01-07 09:00:00,1099.25
2026-01-07 10:00:00,1171.7
2026-01-07 11:00:00,1328.12
2026-01-07 12:00:00,1293.03
2026-01-07 13:00:00,1383.05
2026-01-07 14:00:00,1323.03
2026-01-07 15:00:00,1278.71
2026-01-07 16:00:00,1254.82
2026-01-07 17:00:00,1207.11
2026-01-07 18:00:00,1287.65
2026-01-07 19:00:00,1045.82
2026-01-07 20:00:00,1066.91
2026-01-07 21:00:00,920.34
2026-01-07 22:00:00,995.34
2026-01-07 23:00:00,964.29
2026-01-08 00:00:00,953.52
2026-01-08 01:00:00,990.76
2026-01-08 02:00:00,990.74
2026-01-08 03:00:00,1080.65
2026-01-08 04:00:00,1052.32
2026-01-08 05:00:00,1023.59
2026-01-08 06:00:00,1031.13
2026-01-08 07:00:00,1124.49
2026-01-08 08:00:00,1224.82
2026-01-08 09:00:00,1182.8
2026-01-08 10:00:00,1216.13
2026-01-08 11:00:00,1294.61
2026-01-08 12:00:00,1405.7
2026-01-08 13:00:00,1389.07
2026-01-08 14:00:00,1375.89
2026-01-08 15:00:00,1452.73
2026-01-08 16:00:00,1379.48
2026-01-08 17:00:00,1379.47
2026-01-08 18:00:00,1228.67
2026-01-08 19:00:00,1071.65
2026-01-08 20:00:00,993.54
2026-01-08 21:00:00,1108.8
2026-01-08 22:00:00,1086.9
2026-01-08 23:00:00,981.24
2026-01-09 00:00:00,989.06
2026-01-09 01:00:00,1121.38
2026-01-09 02:00:00,1013.87
2026-01-09 03:00:00,1054.91
2026-01-09 04:00:00,1160.73
2026-01-09 05:00:00,1117.3
2026-01-09 06:00:00,1149.13
2026-01-09 07:00:00,1154.01
2026-01-09 08:00:00,2104.53
2026-01-09 09:00:00,2499.41
2026-01-09 10:00:00,2275.64
2026-01-09 11:00:00,2112.3
2026-01-09 12:00:00,1269.11
2026-01-09 13:00:00,1422.32
2026-01-09 14:00:00,1400.11
2026-01-09 15:00:00,1372.85
2026-01-09 16:00:00,1355.6
2026-01-09 17:00:00,1324.62
2026-01-09 18:00:00,1316.96
2026-01-09 19:00:00,1114.05
2026-01-09 20:00:00,1118.48
2026-01-09 21:00:00,1039.37
2026-01-09 22:00:00,1022.08
2026-01-09 23:00:00,1094.27
2026-01-10 00:00:00,1087.73
2026-01-10 01:00:00,1162.56
2026-01-10 02:00:00,1114.26
2026-01-10 03:00:00,1113.84
2026-01-10 04:00:00,1161.03
2026-01-10 05:00:00,1200.34
2026-01-10 06:00:00,1207.12
2026-01-10 07:00:00,1151.36
2026-01-10 08:00:00,1238.94
2026-01-10 09:00:00,1282.55
2026-01-10 10:00:00,1457.12
2026-01-10 11:00:00,1478.11
2026-01-10 12:00:00,1382.94
2026-01-10 13:00:00,1457.19
2026-01-10 14:00:00,1414.0
2026-01-10 15:00:00,1455.4
2026-01-10 16:00:00,1469.26
2026-01-10 17:00:00,1457.32
2026-01-10 18:00:00,1274.49
2026-01-10 19:00:00,1199.02
2026-01-10 20:00:00,1046.69
2026-01-10 21:00:00,1105.05
2026-01-10 22:00:00,1029.67
2026-01-10 23:00:00,1058.0
2026-01-11 00:00:00,1057.91
2026-01-11 01:00:00,1131.82
2026-01-11 02:00:00,1074.08
2026-01-11 03:00:00,1119.43
2026-01-11 04:00:00,1338.45
2026-01-11 05:00:00,1164.19
2026-01-11 06:00:00,1185.09
2026-01-11 07:00:00,1360.03
2026-01-11 08:00:00,1441.74
2026-01-11 09:00:00,1253.56
2026-01-11 10:00:00,1346.4
2026-01-11 11:00:00,1441.67
2026-01-11 12:00:00,1572.95
2026-01-11 13:00:00,1466.72
2026-01-11 14:00:00,1529.0
2026-01-11 15:00:00,1578.64
2026-01-11 16:00:00,1523.81
2026-01-11 17:00:00,1418.31
2026-01-11 18:00:00,1355.23
2026-01-11 19:00:00,1207.38
2026-01-11 20:00:00,1199.69
2026-01-11 21:00:00,1147.35
2026-01-11 22:00:00,1148.87
2026-01-11 23:00:00,1104.57
2026-01-12 00:00:00,1180.07
2026-01-12 01:00:00,1240.7
2026-01-12 02:00:00,1227.3
2026-01-12 03:00:00,1267.46
2026-01-12 04:00:00,1272.27
2026-01-12 05:00:00,1283.0
2026-01-12 06:00:00,1253.73
2026-01-12 07:00:00,1324.41
2026-01-12 08:00:00,1324.61
2026-01-12 09:00:00,1481.12
2026-01-12 10:00:00,1501.19
2026-01-12 11:00:00,1492.11
2026-01-12 12:00:00,1483.9
2026-01-12 13:00:00,1507.82
2026-01-12 14:00:00,1656.0
2026-01-12 15:00:00,1598.34
2026-01-12 16:00:00,1574.31
2026-01-12 17:00:00,1391.05
2026-01-12 18:00:00,1461.6
2026-01-12 19:00:00,1355.99
2026-01-12 20:00:00,1199.72
2026-01-12 21:00:00,1184.07
2026-01-12 22:00:00,1198.6
2026-01-12 23:00:00,1186.0
2026-01-13 00:00:00,1186.06
2026-01-13 01:00:00,1227.31
2026-01-13 02:00:00,1252.9
2026-01-13 03:00:00,1304.51
2026-01-13 04:00:00,1398.27
2026-01-13 05:00:00,1189.83
2026-01-13 06:00:00,1328.39
2026-01-13 07:00:00,1364.71
2026-01-13 08:00:00,1394.25
2026-01-13 09:00:00,1393.54
2026-01-13 10:00:00,1366.04
2026-01-13 11:00:00,1536.92
2026-01-13 12:00:00,1668.87
2026-01-13 13:00:00,1532.64
2026-01-13 14:00:00,1686.0
2026-01-13 15:00:00,1613.82
2026-01-13 16:00:00,1592.53
2026-01-13 17:00:00,1477.09
2026-01-13 18:00:00,1440.19
2026-01-13 19:00:00,1450.5
2026-01-13 20:00:00,1340.84
2026-01-13 21:00:00,1353.28
2026-01-13 22:00:00,1296.86
2026-01-13 23:00:00,1255.27
2026-01-14 00:00:00,1346.05
2026-01-14 01:00:00,1305.14
2026-01-14 02:00:00,1360.29
2026-01-14 03:00:00,1327.8
2026-01-14 04:00:00,1369.0
2026-01-14 05:00:00,1340.64
2026-01-14 06:00:00,1443.84
2026-01-14 07:00:00,1338.19
2026-01-14 08:00:00,1468.99
2026-01-14 09:00:00,1451.51
2026-01-14 10:00:00,1575.08
2026-01-14 11:00:00,1608.18
2026-01-14 12:00:00,1722.0
2026-01-14 13:00:00,1705.19
2026-01-14 14:00:00,1600.03
2026-01-14 15:00:00,1676.2
2026-01-14 16:00:00,1579.44
2026-01-14 17:00:00,1554.49
2026-01-14 18:00:00,1589.7
2026-01-14 19:00:00,1462.06
2026-01-14 20:00:00,1318.35
2026-01-14 21:00:00,1250.25
2026-01-14 22:00:00,1281.9
2026-01-14 23:00:00,1212.2
2026-01-15 00:00:00,1261.22
2026-01-15 01:00:00,1346.16
2026-01-15 02:00:00,1426.3
2026-01-15 03:00:00,1425.6
2026-01-15 04:00:00,1287.32
2026-01-15 05:00:00,1443.74
2026-01-15 06:00:00,1441.37
2026-01-15 07:00:00,1473.76
2026-01-15 08:00:00,1562.86
2026-01-15 09:00:00,1396.52
2026-01-15 10:00:00,1526.15
2026-01-15 11:00:00,1647.38
2026-01-15 12:00:00,1582.88
2026-01-15 13:00:00,1794.18
2026-01-15 14:00:00,1754.75
2026-01-15 15:00:00,1774.45
2026-01-15 16:00:00,1660.5
2026-01-15 17:00:00,1675.76
2026-01-15 18:00:00,1613.35
2026-01-15 19:00:00,1487.81
2026-01-15 20:00:00,1417.68
2026-01-15 21:00:00,1368.87
2026-01-15 22:00:00,1280.62
2026-01-15 23:00:00,1319.0
2026-01-16 00:00:00,1337.74
2026-01-16 01:00:00,1398.09
2026-01-16 02:00:00,1465.75
2026-01-16 03:00:00,1381.9
2026-01-16 04:00:00,1454.47
2026-01-16 05:00:00,1556.48
2026-01-16 06:00:00,1444.52
2026-01-16 07:00:00,1453.78
2026-01-16 08:00:00,1533.09
2026-01-16 09:00:00,1604.44
2026-01-16 10:00:00,1607.29
2026-01-16 11:00:00,1735.98
2026-01-16 12:00:00,1764.99
2026-01-16 13:00:00,1807.3
2026-01-16 14:00:00,2712.96
2026-01-16 15:00:00,3103.91
2026-01-16 16:00:00,2728.62
2026-01-16 17:00:00,2318.81
2026-01-16 18:00:00,1690.82
2026-01-16 19:00:00,1497.83
2026-01-16 20:00:00,1458.72
2026-01-16 21:00:00,1474.03
2026-01-16 22:00:00,1287.97
2026-01-16 23:00:00,1306.27
2026-01-17 00:00:00,1306.06
2026-01-17 01:00:00,1381.32
2026-01-17 02:00:00,1482.94
2026-01-17 03:00:00,1516.95
2026-01-17 04:00:00,1524.54
2026-01-17 05:00:00,1445.3
2026-01-17 06:00:00,1406.36
2026-01-17 07:00:00,1549.99
2026-01-17 08:00:00,1544.02
2026-01-17 09:00:00,1631.27
2026-01-17 10:00:00,1693.26
2026-01-17 11:00:00,1718.49
2026-01-17 12:00:00,1807.67
2026-01-17 13:00:00,1821.61
2026-01-17 14:00:00,1859.64
2026-01-17 15:00:00,1785.13
2026-01-17 16:00:00,1778.02
2026-01-17 17:00:00,1737.82
2026-01-17 18:00:00,1695.72
2026-01-17 19:00:00,1549.34
2026-01-17 20:00:00,1529.45
2026-01-17 21:00:00,1435.38
2026-01-17 22:00:00,1417.63
2026-01-17 23:00:00,1468.74
2026-01-18 00:00:00,1332.52
2026-01-18 01:00:00,1401.69
2026-01-18 02:00:00,1425.23
2026-01-18 03:00:00,1407.77
2026-01-18 04:00:00,1520.04
2026-01-18 05:00:00,1612.22
2026-01-18 06:00:00,1565.74
2026-01-18 07:00:00,1605.88
2026-01-18 08:00:00,1677.87
2026-01-18 09:00:00,1727.02
2026-01-18 10:00:00,1698.85
2026-01-18 11:00:00,1833.33
2026-01-18 12:00:00,1818.93
2026-01-18 13:00:00,1810.94
2026-01-18 14:00:00,1845.8
2026-01-18 15:00:00,1790.46
2026-01-18 16:00:00,1787.05
2026-01-18 17:00:00,1755.31
2026-01-18 18:00:00,1742.78
2026-01-18 19:00:00,1713.64
2026-01-18 20:00:00,1472.77
2026-01-18 21:00:00,1519.61
2026-01-18 22:00:00,1414.87
2026-01-18 23:00:00,1497.22
2026-01-19 00:00:00,1482.92
2026-01-19 01:00:00,1420.3
2026-01-19 02:00:00,1605.81
2026-01-19 03:00:00,1550.84
2026-01-19 04:00:00,1575.98
2026-01-19 05:00:00,1560.16
2026-01-19 06:00:00,1593.43
2026-01-19 07:00:00,1666.53
2026-01-19 08:00:00,1655.56
2026-01-19 09:00:00,1720.08
2026-01-19 10:00:00,1770.56
2026-01-19 11:00:00,1879.52
2026-01-19 12:00:00,1843.01
2026-01-19 13:00:00,1823.77
2026-01-19 14:00:00,1985.19
2026-01-19 15:00:00,1901.65
2026-01-19 16:00:00,1945.2
2026-01-19 17:00:00,1844.09
2026-01-19 18:00:00,1739.37
2026-01-19 19:00:00,1686.18
2026-01-19 20:00:00,1704.1
2026-01-19 21:00:00,1660.23
2026-01-19 22:00:00,1523.91
2026-01-19 23:00:00,1527.93
2026-01-20 00:00:00,1597.33
2026-01-20 01:00:00,1522.49
2026-01-20 02:00:00,1621.07
2026-01-20 03:00:00,1630.69
2026-01-20 04:00:00,1670.61
2026-01-20 05:00:00,1621.16
2026-01-20 06:00:00,1589.99
2026-01-20 07:00:00,1576.99
2026-01-20 08:00:00,1652.51
2026-01-20 09:00:00,1724.77
2026-01-20 10:00:00,1782.53
2026-01-20 11:00:00,1961.43
2026-01-20 12:00:00,1970.7
2026-01-20 13:00:00,1900.08
2026-01-20 14:00:00,1993.61
2026-01-20 15:00:00,1945.5
2026-01-20 16:00:00,1916.26
2026-01-20 17:00:00,1881.19
2026-01-20 18:00:00,1828.64
2026-01-20 19:00:00,1696.34
2026-01-20 20:00:00,1703.3
2026-01-20 21:00:00,1531.19
2026-01-20 22:00:00,1568.45
2026-01-20 23:00:00,1709.99
2026-01-21 00:00:00,1598.4
2026-01-21 01:00:00,1695.83
2026-01-21 02:00:00,1655.79
2026-01-21 03:00:00,1712.06
2026-01-21 04:00:00,1698.22
2026-01-21 05:00:00,1705.63
2026-01-21 06:00:00,1682.54
2026-01-21 07:00:00,1762.67
2026-01-21 08:00:00,1715.13
2026-01-21 09:00:00,1834.61
2026-01-21 10:00:00,1906.35
2026-01-21 11:00:00,1923.04
2026-01-21 12:00:00,1942.12
2026-01-21 13:00:00,2025.97
2026-01-21 14:00:00,2005.51
2026-01-21 15:00:00,2067.34
2026-01-21 16:00:00,1879.17
2026-01-21 17:00:00,1900.54
2026-01-21 18:00:00,1733.09
2026-01-21 19:00:00,1680.77
2026-01-21 20:00:00,1767.8
2026-01-21 21:00:00,1691.24
2026-01-21 22:00:00,1576.53
2026-01-21 23:00:00,1532.48
2026-01-22 00:00:00,1471.08
2026-01-22 01:00:00,1635.11
2026-01-22 02:00:00,1831.88
2026-01-22 03:00:00,1752.03
2026-01-22 04:00:00,1718.57
2026-01-22 05:00:00,1788.58
2026-01-22 06:00:00,1687.56
2026-01-22 07:00:00,1770.65
2026-01-22 08:00:00,1815.44
2026-01-22 09:00:00,1841.26
2026-01-22 10:00:00,1938.15
2026-01-22 11:00:00,1969.84
2026-01-22 12:00:00,2042.62
2026-01-22 13:00:00,2011.14
2026-01-22 14:00:00,2119.87
2026-01-22 15:00:00,2153.48
2026-01-22 16:00:00,1974.54
2026-01-22 17:00:00,1918.18
2026-01-22 18:00:00,1964.06
2026-01-22 19:00:00,1800.48
2026-01-22 20:00:00,1818.0
2026-01-22 21:00:00,1665.66
2026-01-22 22:00:00,1744.13
2026-01-22 23:00:00,1670.35
2026-01-23 00:00:00,1696.34
2026-01-23 01:00:00,1799.06
2026-01-23 02:00:00,1726.86
2026-01-23 03:00:00,1724.35
2026-01-23 04:00:00,1772.67
2026-01-23 05:00:00,1835.88
2026-01-23 06:00:00,1735.3
2026-01-23 07:00:00,1870.06
2026-01-23 08:00:00,1828.33
2026-01-23 09:00:00,1957.13
2026-01-23 10:00:00,1810.97
2026-01-23 11:00:00,1955.62
2026-01-23 12:00:00,1961.11
2026-01-23 13:00:00,2051.56
2026-01-23 14:00:00,2132.11
2026-01-23 15:00:00,2102.03
2026-01-23 16:00:00,2061.97
2026-01-23 17:00:00,2006.24
2026-01-23 18:00:00,1949.77
2026-01-23 19:00:00,1803.53
2026-01-23 20:00:00,1827.67
2026-01-23 21:00:00,1774.45
2026-01-23 22:00:00,1733.28
2026-01-23 23:00:00,1741.72
2026-01-24 00:00:00,1746.44
2026-01-24 01:00:00,1872.93
2026-01-24 02:00:00,1789.96
2026-01-24 03:00:00,2707.23
2026-01-24 04:00:00,3003.9
2026-01-24 05:00:00,2802.23
2026-01-24 06:00:00,2550.97
2026-01-24 07:00:00,1834.12
2026-01-24 08:00:00,1902.08
2026-01-24 09:00:00,1960.39
2026-01-24 10:00:00,1993.47
2026-01-24 11:00:00,2004.78
2026-01-24 12:00:00,2151.38
2026-01-24 13:00:00,2185.67
2026-01-24 14:00:00,2157.71
2026-01-24 15:00:00,2123.97
2026-01-24 16:00:00,2154.06
2026-01-24 17:00:00,2073.34
2026-01-24 18:00:00,1906.94
2026-01-24 19:00:00,1903.26
2026-01-24 20:00:00,1851.2
2026-01-24 21:00:00,1736.52
2026-01-24 22:00:00,1770.54
2026-01-24 23:00:00,1679.1
2026-01-25 00:00:00,1851.62
2026-01-25 01:00:00,1877.64
2026-01-25 02:00:00,1828.87
2026-01-25 03:00:00,1892.11
2026-01-25 04:00:00,1760.8
2026-01-25 05:00:00,1843.4
2026-01-25 06:00:00,1901.25
2026-01-25 07:00:00,1872.03
2026-01-25 08:00:00,1993.26
2026-01-25 09:00:00,2099.85
2026-01-25 10:00:00,1973.94
2026-01-25 11:00:00,2048.82
2026-01-25 12:00:00,2162.82
2026-01-25 13:00:00,2281.61
2026-01-25 14:00:00,2147.26
2026-01-25 15:00:00,2221.58
2026-01-25 16:00:00,2272.07
2026-01-25 17:00:00,2020.15
2026-01-25 18:00:00,1964.13
2026-01-25 19:00:00,1931.7
2026-01-25 20:00:00,1856.16
2026-01-25 21:00:00,1878.69
2026-01-25 22:00:00,1821.39
2026-01-25 23:00:00,1709.49
2026-01-26 00:00:00,1854.48
2026-01-26 01:00:00,1825.24
2026-01-26 02:00:00,1960.85
2026-01-26 03:00:00,1885.6
2026-01-26 04:00:00,1906.33
2026-01-26 05:00:00,1984.76
2026-01-26 06:00:00,2007.37
2026-01-26 07:00:00,2003.65
2026-01-26 08:00:00,1909.26
2026-01-26 09:00:00,2067.59
2026-01-26 10:00:00,2029.77
2026-01-26 11:00:00,2155.82
2026-01-26 12:00:00,2119.56
2026-01-26 13:00:00,2265.55
2026-01-26 14:00:00,2218.13
2026-01-26 15:00:00,2185.34
2026-01-26 16:00:00,2259.16
2026-01-26 17:00:00,2172.29
2026-01-26 18:00:00,2048.82
2026-01-26 19:00:00,2082.81
2026-01-26 20:00:00,1908.55
2026-01-26 21:00:00,1883.77
2026-01-26 22:00:00,1870.89
2026-01-26 23:00:00,1821.03
2026-01-27 00:00:00,1900.05
2026-01-27 01:00:00,1875.66
2026-01-27 02:00:00,1916.12
2026-01-27 03:00:00,2043.06
2026-01-27 04:00:00,1932.11
2026-01-27 05:00:00,1870.3
2026-01-27 06:00:00,2102.01
2026-01-27 07:00:00,2167.21
2026-01-27 08:00:00,2027.68
2026-01-27 09:00:00,1979.47
2026-01-27 10:00:00,2117.58
2026-01-27 11:00:00,2175.14
2026-01-27 12:00:00,2235.42
2026-01-27 13:00:00,2227.76
2026-01-27 14:00:00,2342.36
2026-01-27 15:00:00,2332.73
2026-01-27 16:00:00,2185.71
2026-01-27 17:00:00,2245.46
2026-01-27 18:00:00,2243.49
2026-01-27 19:00:00,2060.46
2026-01-27 20:00:00,1962.24
2026-01-27 21:00:00,1922.19
2026-01-27 22:00:00,1937.94
2026-01-27 23:00:00,1807.93
2026-01-28 00:00:00,1931.17
2026-01-28 01:00:00,1931.52
2026-01-28 02:00:00,2088.39
2026-01-28 03:00:00,2006.54
2026-01-28 04:00:00,2129.08
2026-01-28 05:00:00,1990.29
2026-01-28 06:00:00,2093.71
2026-01-28 07:00:00,2092.57
2026-01-28 08:00:00,2050.17
2026-01-28 09:00:00,2143.76
2026-01-28 10:00:00,2249.35
2026-01-28 11:00:00,2221.08
2026-01-28 12:00:00,2200.81
2026-01-28 13:00:00,2336.03
2026-01-28 14:00:00,2308.86
2026-01-28 15:00:00,2333.06
2026-01-28 16:00:00,2311.41
2026-01-28 17:00:00,2161.19
2026-01-28 18:00:00,2989.73
2026-01-28 19:00:00,3325.51
2026-01-28 20:00:00,3000.04
2026-01-28 21:00:00,2586.94
2026-01-28 22:00:00,1995.27
2026-01-28 23:00:00,1966.1
2026-01-29 00:00:00,1930.87
2026-01-29 01:00:00,1928.57
2026-01-29 02:00:00,2080.72
2026-01-29 03:00:00,2083.33
2026-01-29 04:00:00,2216.39
2026-01-29 05:00:00,2122.11
2026-01-29 06:00:00,2130.74
2026-01-29 07:00:00,2113.82
2026-01-29 08:00:00,2190.89
2026-01-29 09:00:00,2216.38
2026-01-29 10:00:00,2299.5
2026-01-29 11:00:00,2258.21
2026-01-29 12:00:00,2317.92
2026-01-29 13:00:00,2358.65
2026-01-29 14:00:00,2449.98
2026-01-29 15:00:00,2482.3
2026-01-29 16:00:00,2338.66
2026-01-29 17:00:00,2279.64
2026-01-29 18:00:00,2243.86
2026-01-29 19:00:00,2133.48
2026-01-29 20:00:00,2129.15
2026-01-29 21:00:00,1902.15
2026-01-29 22:00:00,1954.63
2026-01-29 23:00:00,1956.08
2026-01-30 00:00:00,1890.51
2026-01-30 01:00:00,1996.0
2026-01-30 02:00:00,2032.42
2026-01-30 03:00:00,2101.05
2026-01-30 04:00:00,2194.56
2026-01-30 05:00:00,2133.52
2026-01-30 06:00:00,2100.72
2026-01-30 07:00:00,2167.87
2026-01-30 08:00:00,2251.67
2026-01-30 09:00:00,2176.32
2026-01-30 10:00:00,2228.58
2026-01-30 11:00:00,2365.6
2026-01-30 12:00:00,2377.68
2026-01-30 13:00:00,2468.61
2026-01-30 14:00:00,2453.74
2026-01-30 15:00:00,2486.48
2026-01-30 16:00:00,2354.97
2026-01-30 17:00:00,2350.34
2026-01-30 18:00:00,2263.0
2026-01-30 19:00:00,2128.13
2026-01-30 20:00:00,2038.8
2026-01-30 21:00:00,2111.72
2026-01-30 22:00:00,2028.8
2026-01-30 23:00:00,1990.89
