url,label
https://www.google.com,0
https://www.microsoft.com,0
https://www.apple.com,0
https://www.amazon.com,0
https://www.wikipedia.org,0
https://www.github.com,0
https://www.python.org,0
https://www.oracle.com,0
https://www.ibm.com,0
https://www.cisco.com,0
https://www.linkedin.com,0
https://www.facebook.com,0
https://www.instagram.com,0
https://www.youtube.com,0
https://www.reddit.com,0
https://www.bbc.com,0
https://www.cnn.com,0
https://www.nasa.gov,0
https://www.gov.uk,0
https://www.gov.in,0
https://www.education.gov.in,0
https://www.khanacademy.org,0
https://www.coursera.org,0
https://www.edx.org,0
https://www.w3schools.com,0
https://www.geeksforgeeks.org,0
https://stackoverflow.com,0
https://docs.python.org/3/,0
https://developer.mozilla.org,0
https://www.nytimes.com,0
https://www.reuters.com,0
https://www.who.int,0
https://www.un.org,0
https://www.harvard.edu,0
https://www.stanford.edu,0
https://www.mit.edu,0
https://www.cam.ac.uk,0
https://www.ox.ac.uk,0
https://www.dropbox.com,0
https://www.paypal.com,0
http://paypal-login-security.example.com/verify/account,1
http://secure-update-account.example.net/login.php,1
http://192.168.0.55/verify/login,1
http://free-gift-card.example.org/claim-now,1
http://bank-alert.example.com/user/verify?id=82937,1
http://login-confirm.example.net/session/update.php,1
http://account-security.example.org/urgent/verify,1
http://update-wallet.example.com/confirm/index.php,1
http://xn--ppal-4ve.example.com/login,1
http://download-free-software.example.net/install.exe,1
http://signin-alert.example.org/password/reset.php,1
http://security-check.example.com/verify?user=admin&token=829172,1
http://bonus-reward.example.net/claim.php?gift=1,1
http://payment-failed.example.org/update/card,1
http://microsoft-support.example.com/remote-access,1
http://apple-id-verify.example.net/login/account,1
http://amazon-security.example.org/confirm/order,1
http://secure-banking.example.com/update/customer,1
http://account-locked.example.net/restore.php,1
http://free-prize.example.org/winner/claim-now,1
http://login.example.com@evil.example.net/account,1
http://verify.example.org//../../login,1
http://dangerous.example.net:8080/admin/login,1
http://malware-download.example.com/files/setup.exe,1
http://credential-check.example.org/validate?session=981273,1
http://urgent-alert.example.net/verify/account/password,1
http://security-update.example.com/download/update.zip,1
http://gift-card.example.org/redeem?code=829173827,1
http://banking-secure.example.net/login/confirm,1
http://signin.example.com.evil.example.org/login,1
http://verify-account.example.com/auth?redirect=http://evil.example.net,1
http://account-recovery.example.org/reset?token=123456789,1
http://free-download.example.net/premium/crack.exe,1
http://invoice-alert.example.com/open/document.scr,1
http://payment-verify.example.org/login.php?id=938273,1
http://admin-panel.example.net/wp-login.php,1
http://secure-login.example.com/verify?password=123456,1
http://confirm-wallet.example.org/authentication.php,1
http://microsoft-login.example.net/office/verify,1
http://google-security.example.com/account/recovery/login,1
