Flow_Duration,Total_Fwd_Packets,Total_Bwd_Packets,Fwd_Packet_Length,Bwd_Packet_Length,Flow_Bytes_s,Flow_Packets_s,Protocol,Label
120,10,8,500,400,7500,150,TCP,Normal
150,12,10,600,450,7000,146,TCP,Normal
80,5,3,300,200,6250,100,UDP,Normal
200,15,12,550,420,4850,135,TCP,Normal
300,20,15,600,500,5500,116,TCP,Normal
180,14,10,450,350,4444,133,TCP,Normal
250,18,14,520,410,5200,128,UDP,Normal
100,8,6,400,300,7000,140,UDP,Normal
220,16,13,580,430,4590,132,TCP,Normal
350,25,20,650,520,5700,129,TCP,Normal
5000,1500,1200,100,80,54000,540,UDP,Attack
4500,1300,1100,90,70,47000,533,UDP,Attack
6000,2000,1800,80,60,46666,633,TCP,Attack
5500,1800,1500,70,50,40000,600,UDP,Attack
7000,2200,2000,60,40,31428,627,UDP,Attack
4800,1600,1400,85,65,52083,625,TCP,Attack
6500,2100,1900,75,55,43076,615,UDP,Attack
5200,1700,1450,95,75,48076,606,TCP,Attack
7500,2500,2200,55,35,29333,627,UDP,Attack
5800,1900,1700,65,45,37931,621,TCP,Attack
