timestamp,actual_traffic,forecast_traffic,potential_ddos,threshold
2026-01-25 00:00:00,1851.62,1674.5021434325336,False,2603.219238720062
2026-01-25 01:00:00,1877.64,1673.110299186353,False,2603.219238720062
2026-01-25 02:00:00,1828.87,1675.3799570187718,False,2603.219238720062
2026-01-25 03:00:00,1892.11,1677.5709199685261,False,2603.219238720062
2026-01-25 04:00:00,1760.8,1677.291018195219,False,2603.219238720062
2026-01-25 05:00:00,1843.4,1675.6823958597683,False,2603.219238720062
2026-01-25 06:00:00,1901.25,1674.9689147978381,False,2603.219238720062
2026-01-25 07:00:00,1872.03,1675.6363880625706,False,2603.219238720062
2026-01-25 08:00:00,1993.26,1676.4823189696617,False,2603.219238720062
2026-01-25 09:00:00,2099.85,1676.5126715425495,False,2603.219238720062
2026-01-25 10:00:00,1973.94,1675.9689419912813,False,2603.219238720062
2026-01-25 11:00:00,2048.82,1675.644952414765,False,2603.219238720062
2026-01-25 12:00:00,2162.82,1675.8242759819339,False,2603.219238720062
2026-01-25 13:00:00,2281.61,1676.1392376378847,False,2603.219238720062
2026-01-25 14:00:00,2147.26,1676.1964010773115,False,2603.219238720062
2026-01-25 15:00:00,2221.58,1676.0195875977934,False,2603.219238720062
2026-01-25 16:00:00,2272.07,1675.8828841166917,False,2603.219238720062
2026-01-25 17:00:00,2020.15,1675.923679261369,False,2603.219238720062
2026-01-25 18:00:00,1964.13,1676.037086859501,False,2603.219238720062
2026-01-25 19:00:00,1931.7,1676.0734269424304,False,2603.219238720062
2026-01-25 20:00:00,1856.16,1676.0185683162208,False,2603.219238720062
2026-01-25 21:00:00,1878.69,1675.963823119688,False,2603.219238720062
2026-01-25 22:00:00,1821.39,1675.969588848416,False,2603.219238720062
2026-01-25 23:00:00,1709.49,1676.0090968477316,False,2603.219238720062
2026-01-26 00:00:00,1854.48,1676.0273549053873,False,2603.219238720062
2026-01-26 01:00:00,1825.24,1676.0113723515567,False,2603.219238720062
2026-01-26 02:00:00,1960.85,1675.9903386110896,False,2603.219238720062
2026-01-26 03:00:00,1885.6,1675.9891770015752,False,2603.219238720062
2026-01-26 04:00:00,1906.33,1676.0024692188822,False,2603.219238720062
2026-01-26 05:00:00,1984.76,1676.0106677050528,False,2603.219238720062
2026-01-26 06:00:00,2007.37,1676.006439322434,False,2603.219238720062
2026-01-26 07:00:00,2003.65,1675.9986421772144,False,2603.219238720062
2026-01-26 08:00:00,1909.26,1675.9970872434487,False,2603.219238720062
2026-01-26 09:00:00,2067.59,1676.0013862808312,False,2603.219238720062
2026-01-26 10:00:00,2029.77,1676.0048194910535,False,2603.219238720062
2026-01-26 11:00:00,2155.82,1676.0038887424441,False,2603.219238720062
2026-01-26 12:00:00,2119.56,1676.0010930089247,False,2603.219238720062
2026-01-26 13:00:00,2265.55,1676.0001474813064,False,2603.219238720062
2026-01-26 14:00:00,2218.13,1676.0014721025018,False,2603.219238720062
2026-01-26 15:00:00,2185.34,1676.0028390936236,False,2603.219238720062
2026-01-26 16:00:00,2259.16,1676.0027250835783,False,2603.219238720062
2026-01-26 17:00:00,2172.29,1676.001755310188,False,2603.219238720062
2026-01-26 18:00:00,2048.82,1676.001288904689,False,2603.219238720062
2026-01-26 19:00:00,2082.81,1676.0016710236102,False,2603.219238720062
2026-01-26 20:00:00,1908.55,1676.0021937154215,False,2603.219238720062
2026-01-26 21:00:00,1883.77,1676.0022325569764,False,2603.219238720062
2026-01-26 22:00:00,1870.89,1676.0019078181417,False,2603.219238720062
2026-01-26 23:00:00,1821.03,1676.0017005882726,False,2603.219238720062
2026-01-27 00:00:00,1900.05,1676.0018000152645,False,2603.219238720062
2026-01-27 01:00:00,1875.66,1676.00199293585,False,2603.219238720062
2026-01-27 02:00:00,1916.12,1676.0020348511282,False,2603.219238720062
2026-01-27 03:00:00,2043.06,1676.0019304061798,False,2603.219238720062
2026-01-27 04:00:00,1932.11,1676.0018442536089,False,2603.219238720062
2026-01-27 05:00:00,1870.3,1676.0018653332213,False,2603.219238720062
2026-01-27 06:00:00,2102.01,1676.0019342167802,False,2603.219238720062
2026-01-27 07:00:00,2167.21,1676.0019587416023,False,2603.219238720062
2026-01-27 08:00:00,2027.68,1676.0019267908729,False,2603.219238720062
2026-01-27 09:00:00,1979.47,1676.001892679392,False,2603.219238720062
2026-01-27 10:00:00,2117.58,1676.0018947929748,False,2603.219238720062
2026-01-27 11:00:00,2175.14,1676.0019185836572,False,2603.219238720062
2026-01-27 12:00:00,2235.42,1676.0019304785362,False,2603.219238720062
2026-01-27 13:00:00,2227.76,1676.001921357438,False,2603.219238720062
2026-01-27 14:00:00,2342.36,1676.0019083759132,False,2603.219238720062
2026-01-27 15:00:00,2332.73,1676.001907166557,False,2603.219238720062
2026-01-27 16:00:00,2185.71,1676.0019150949909,False,2603.219238720062
2026-01-27 17:00:00,2245.46,1676.001920327492,False,2603.219238720062
2026-01-27 18:00:00,2243.49,1676.0019179966994,False,2603.219238720062
2026-01-27 19:00:00,2060.46,1676.0019132259397,False,2603.219238720062
2026-01-27 20:00:00,1962.24,1676.0019121046034,False,2603.219238720062
2026-01-27 21:00:00,1922.19,1676.001914640041,False,2603.219238720062
2026-01-27 22:00:00,1937.94,1676.0019168002432,False,2603.219238720062
2026-01-27 23:00:00,1807.93,1676.0019163269885,False,2603.219238720062
2026-01-28 00:00:00,1931.17,1676.0019146306965,False,2603.219238720062
2026-01-28 01:00:00,1931.52,1676.0019139963765,False,2603.219238720062
2026-01-28 02:00:00,2088.39,1676.0019147661985,False,2603.219238720062
2026-01-28 03:00:00,2006.54,1676.0019156168598,False,2603.219238720062
2026-01-28 04:00:00,2129.08,1676.0019155820182,False,2603.219238720062
2026-01-28 05:00:00,1990.29,1676.0019149987186,False,2603.219238720062
2026-01-28 06:00:00,2093.71,1676.0019146958261,False,2603.219238720062
2026-01-28 07:00:00,2092.57,1676.0019149131676,False,2603.219238720062
2026-01-28 08:00:00,2050.17,1676.0019152353927,False,2603.219238720062
2026-01-28 09:00:00,2143.76,1676.0019152714167,False,2603.219238720062
2026-01-28 10:00:00,2249.35,1676.0019150779747,False,2603.219238720062
2026-01-28 11:00:00,2221.08,1676.0019149459895,False,2603.219238720062
2026-01-28 12:00:00,2200.81,1676.001915000443,False,2603.219238720062
2026-01-28 13:00:00,2336.03,1676.0019151183565,False,2603.219238720062
2026-01-28 14:00:00,2308.86,1676.0019151481617,False,2603.219238720062
2026-01-28 15:00:00,2333.06,1676.0019150866644,False,2603.219238720062
2026-01-28 16:00:00,2311.41,1676.0019150325404,False,2603.219238720062
2026-01-28 17:00:00,2161.19,1676.0019150430535,False,2603.219238720062
2026-01-28 18:00:00,2989.73,1676.001915084803,False,2603.219238720062
2026-01-28 19:00:00,3325.51,1676.001915101167,False,2603.219238720062
2026-01-28 20:00:00,3000.04,1676.0019150826404,False,2603.219238720062
2026-01-28 21:00:00,2586.94,1676.0019150614403,False,2603.219238720062
2026-01-28 22:00:00,1995.27,1676.0019150618718,False,2603.219238720062
2026-01-28 23:00:00,1966.1,1676.0019150761648,False,2603.219238720062
2026-01-29 00:00:00,1930.87,1676.0019150838666,False,2603.219238720062
2026-01-29 01:00:00,1928.57,1676.0019150786973,False,2603.219238720062
2026-01-29 02:00:00,2080.72,1676.0019150707035,False,2603.219238720062
2026-01-29 03:00:00,2083.33,1676.0019150696623,False,2603.219238720062
2026-01-29 04:00:00,2216.39,1676.0019150743788,False,2603.219238720062
2026-01-29 05:00:00,2122.11,1676.0019150777048,False,2603.219238720062
2026-01-29 06:00:00,2130.74,1676.0019150764374,False,2603.219238720062
2026-01-29 07:00:00,2113.82,1676.0019150735245,False,2603.219238720062
2026-01-29 08:00:00,2190.89,1676.0019150727367,False,2603.219238720062
2026-01-29 09:00:00,2216.38,1676.001915074227,False,2603.219238720062
2026-01-29 10:00:00,2299.5,1676.0019150755822,False,2603.219238720062
2026-01-29 11:00:00,2258.21,1676.0019150753517,False,2603.219238720062
2026-01-29 12:00:00,2317.92,1676.0019150743246,False,2603.219238720062
2026-01-29 13:00:00,2358.65,1676.0019150739035,False,2603.219238720062
2026-01-29 14:00:00,2449.98,1676.001915074349,False,2603.219238720062
2026-01-29 15:00:00,2482.3,1676.001915074877,False,2603.219238720062
2026-01-29 16:00:00,2338.66,1676.001915074877,False,2603.219238720062
2026-01-29 17:00:00,2279.64,1676.001915074527,False,2603.219238720062
2026-01-29 18:00:00,2243.86,1676.0019150743315,False,2603.219238720062
2026-01-29 19:00:00,2133.48,1676.0019150744542,False,2603.219238720062
2026-01-29 20:00:00,2129.15,1676.0019150746525,False,2603.219238720062
2026-01-29 21:00:00,1902.15,1676.0019150746818,False,2603.219238720062
2026-01-29 22:00:00,1954.63,1676.001915074567,False,2603.219238720062
2026-01-29 23:00:00,1956.08,1676.0019150744833,False,2603.219238720062
2026-01-30 00:00:00,1890.51,1676.0019150745127,False,2603.219238720062
2026-01-30 01:00:00,1996.0,1676.0019150745845,False,2603.219238720062
2026-01-30 02:00:00,2032.42,1676.0019150746052,False,2603.219238720062
2026-01-30 03:00:00,2101.05,1676.001915074569,False,2603.219238720062
2026-01-30 04:00:00,2194.56,1676.0019150745352,False,2603.219238720062
2026-01-30 05:00:00,2133.52,1676.0019150745402,False,2603.219238720062
2026-01-30 06:00:00,2100.72,1676.0019150745654,False,2603.219238720062
2026-01-30 07:00:00,2167.87,1676.0019150745763,False,2603.219238720062
2026-01-30 08:00:00,2251.67,1676.0019150745657,False,2603.219238720062
2026-01-30 09:00:00,2176.32,1676.0019150745525,False,2603.219238720062
2026-01-30 10:00:00,2228.58,1676.0019150745522,False,2603.219238720062
2026-01-30 11:00:00,2365.6,1676.0019150745609,False,2603.219238720062
2026-01-30 12:00:00,2377.68,1676.0019150745659,False,2603.219238720062
2026-01-30 13:00:00,2468.61,1676.001915074563,False,2603.219238720062
2026-01-30 14:00:00,2453.74,1676.001915074558,False,2603.219238720062
2026-01-30 15:00:00,2486.48,1676.001915074557,False,2603.219238720062
2026-01-30 16:00:00,2354.97,1676.0019150745597,False,2603.219238720062
2026-01-30 17:00:00,2350.34,1676.0019150745618,False,2603.219238720062
2026-01-30 18:00:00,2263.0,1676.001915074561,False,2603.219238720062
2026-01-30 19:00:00,2128.13,1676.0019150745593,False,2603.219238720062
2026-01-30 20:00:00,2038.8,1676.0019150745588,False,2603.219238720062
2026-01-30 21:00:00,2111.72,1676.0019150745597,False,2603.219238720062
2026-01-30 22:00:00,2028.8,1676.0019150745607,False,2603.219238720062
2026-01-30 23:00:00,1990.89,1676.0019150745607,False,2603.219238720062
